USPS,GEOID,INTPTLAT,INTPTLONG                                                                                                                             ,note
CA,SS,33.873616,-118.094666,2023_2_CA45
IA,SS,41.58003,-93.619413,2023_1_IA3
NM,SS,35.022364,-106.750122,2023_12_NM02
IA,SS,41.840451,-94.081308,2024_1_IA03
NM,SS,32.307048,-106.752043,2024_4_NM02
NM,SS,31.998183,-106.657977,2024_5_NM02
AL,101,30.981856,-87.817403,
AL,102,31.702085,-86.076842,
AL,103,33.157607,-85.76216,
AL,104,34.173841,-87.227881,
AL,105,34.738978,-86.591033,
AL,106,33.363555,-86.779225,
AL,107,32.466449,-87.607935,
AK,200,63.347356,-152.839733,
AZ,401,33.698866,-111.661478,
AZ,402,35.117216,-111.054772,
AZ,403,33.424088,-112.121724,
AZ,404,33.384729,-111.859735,
AZ,405,33.305743,-111.655086,
AZ,406,32.373827,-109.977644,
AZ,407,32.261361,-112.321364,
AZ,408,33.788464,-112.201324,
AZ,409,34.602342,-113.66332,
AR,501,35.351172,-91.33508,
AR,502,35.167888,-92.375838,
AR,503,36.000717,-94.029813,
AR,504,34.208983,-93.142469,
CA,601,40.759058,-121.708586,
CA,602,40.071536,-123.464436,
CA,603,37.82646,-118.859763,
CA,604,38.735643,-122.331229,
CA,605,37.7133,-119.850428,
CA,606,38.631719,-121.370921,
CA,607,38.3616,-121.382107,
CA,608,38.113205,-122.119708,
CA,609,37.977874,-121.206741,
CA,610,37.891077,-121.893056,
CA,611,37.727239,-123.032229,
CA,612,37.780127,-122.240801,
CA,613,36.917654,-120.576823,
CA,614,37.632533,-121.839457,
CA,615,37.589067,-122.316684,
CA,616,37.335174,-122.287674,
CA,617,37.426051,-121.964951,
CA,618,36.478692,-121.192912,
CA,619,36.867713,-121.752502,
CA,620,35.756458,-118.67173,
CA,621,36.553876,-119.473299,
CA,622,35.773573,-119.529737,
CA,623,34.942504,-116.43631,
CA,624,34.724843,-120.057905,
CA,625,33.613311,-115.34455,
CA,626,34.45496,-119.06995,
CA,627,34.606629,-118.358284,
CA,628,34.280333,-117.866141,
CA,629,34.287754,-118.389695,
CA,630,34.22809,-118.273626,
CA,631,34.145768,-117.891631,
CA,632,34.0935,-118.657518,
CA,633,34.115584,-117.339115,
CA,634,34.071305,-118.216637,
CA,635,34.037647,-117.619723,
CA,636,33.869819,-118.405296,
CA,637,34.009687,-118.325203,
CA,638,33.968825,-117.971097,
CA,639,33.906185,-117.316456,
CA,640,33.75137,-117.666104,
CA,641,33.630418,-116.58229,
CA,642,33.367336,-118.480709,
CA,643,33.910609,-118.310473,
CA,644,33.806936,-118.241001,
CA,645,33.881665,-118.035199,
CA,646,33.794785,-117.908297,
CA,647,33.634239,-117.89192,
CA,648,33.08375,-116.63769,
CA,649,33.316415,-117.425868,
CA,650,32.716149,-117.224302,
CA,651,32.834756,-117.083194,
CA,652,32.628679,-117.035322,
CO,801,39.76185,-104.881105,
CO,802,40.29582,-106.206861,
CO,803,38.45821,-106.883566,
CO,804,39.318349,-103.248726,
CO,805,38.807274,-104.661743,
CO,806,39.680581,-104.784114,
CO,807,38.886809,-105.635833,
CO,808,40.177746,-104.809462,
CT,901,41.928611,-73.017629,
CT,902,41.653687,-72.206509,
CT,903,41.372075,-72.892659,
CT,904,41.190282,-73.393356,
CT,905,41.694323,-73.209998,
CT,09ZZ,41.166607,-72.842465,
DE,1000,38.998566,-75.441644,
DC,1198,38.904247,-77.016517,
FL,1201,30.615404,-86.817013,
FL,1202,30.245747,-84.777635,
FL,1203,29.778479,-82.728298,
FL,1204,30.330709,-81.777257,
FL,1205,30.101613,-81.459671,
FL,1206,29.272623,-81.640698,
FL,1207,28.873696,-81.094956,
FL,1208,28.149056,-80.681788,
FL,1209,28.119037,-81.173363,
FL,1210,28.541394,-81.293515,
FL,1211,28.583489,-81.854863,
FL,1212,28.579392,-82.568436,
FL,1213,27.931244,-82.836575,
FL,1214,27.863224,-82.541731,
FL,1215,28.102183,-82.216787,
FL,1216,27.578313,-82.383219,
FL,1217,26.997614,-82.164644,
FL,1218,27.268836,-81.379767,
FL,1219,26.448218,-82.021732,
FL,1220,26.446199,-80.587196,
FL,1221,27.138361,-80.3795,
FL,1222,26.574021,-80.123587,
FL,1223,26.281242,-80.133437,
FL,1224,25.881371,-80.16107,
FL,1225,26.048277,-80.275645,
FL,1226,26.022815,-81.081248,
FL,1227,25.691263,-80.250152,
FL,1228,25.215749,-81.158374,
GA,1301,31.425845,-81.805827,
GA,1302,31.764248,-84.398008,
GA,1303,33.205633,-84.775927,
GA,1304,33.710073,-84.100232,
GA,1305,33.746168,-84.402253,
GA,1306,34.246205,-84.233537,
GA,1307,33.921608,-84.058316,
GA,1308,31.732182,-83.296165,
GA,1309,34.606953,-83.764564,
GA,1310,33.684197,-83.374776,
GA,1311,34.247381,-84.649096,
GA,1312,32.782641,-82.287107,
GA,1313,33.607558,-84.503803,
GA,1314,34.491507,-85.098421,
HI,1501,21.326768,-157.878265,
HI,1502,19.828167,-155.495042,
ID,1601,45.310578,-116.034974,
ID,1602,43.443926,-113.364262,
IL,1701,41.417597,-87.952046,
IL,1702,40.771483,-87.942652,
IL,1703,41.93579,-87.974433,
IL,1704,41.829374,-87.809897,
IL,1705,42.081954,-87.984755,
IL,1706,41.736949,-87.892885,
IL,1707,41.878463,-87.840651,
IL,1708,42.02767,-88.197178,
IL,1709,42.243399,-88.089979,
IL,1710,42.352236,-88.051859,
IL,1711,42.000716,-88.395646,
IL,1712,38.295241,-88.769254,
IL,1713,39.12803,-90.009854,
IL,1714,41.569043,-88.739903,
IL,1715,39.826543,-89.77216,
IL,1716,41.394222,-89.449488,
IL,1717,41.071208,-90.258684,
IL,17ZZ,42.175312,-87.422441,
IN,1801,41.51347,-87.162864,
IN,1802,41.208112,-86.241834,
IN,1803,41.042727,-85.21144,
IN,1804,40.315806,-86.853192,
IN,1805,40.281399,-85.792618,
IN,1806,39.68995,-85.514755,
IN,1807,39.824255,-86.138144,
IN,1808,38.744748,-87.140493,
IN,1809,38.890657,-85.766394,
IA,1901,41.464298,-91.732583,
IA,1902,42.684121,-92.178881,
IA,1903,41.139401,-93.971401,
IA,1904,42.465182,-94.944248,
KS,2001,38.775898,-99.543236,
KS,2002,38.406699,-95.729429,
KS,2003,38.553473,-95.063949,
KS,2004,37.558626,-97.76509,
KY,2101,36.965403,-88.342594,
KY,2102,37.468306,-86.34923,
KY,2103,38.190392,-85.700581,
KY,2104,38.525319,-84.454187,
KY,2105,37.381357,-83.528368,
KY,2106,38.00571,-84.24821,
LA,2201,29.674582,-89.807586,
LA,2202,30.043558,-90.609793,
LA,2203,29.97015,-92.49274,
LA,2204,31.741068,-93.116072,
LA,2205,31.731021,-91.765686,
LA,2206,29.519573,-91.319634,
ME,2301,43.845924,-69.92217,
ME,2302,45.510001,-69.08531,
MD,2401,38.74822,-75.933339,
MD,2402,39.512348,-76.848319,
MD,2403,39.17789,-76.730199,
MD,2404,38.924102,-76.912292,
MD,2405,38.48656,-76.720862,
MD,2406,39.564116,-78.895085,
MD,2407,39.270579,-76.563524,
MD,2408,39.097739,-77.124072,
MA,2501,42.18587,-73.073273,
MA,2502,42.428959,-72.202712,
MA,2503,42.584301,-71.589524,
MA,2504,41.973829,-71.234044,
MA,2505,42.386784,-71.258578,
MA,2506,42.619241,-70.885134,
MA,2507,42.305487,-71.079416,
MA,2508,42.20401,-70.973762,
MA,2509,41.703758,-70.49029,
MI,2601,46.065206,-86.230683,
MI,2602,43.65128,-85.720137,
MI,2603,43.189042,-86.311504,
MI,2604,42.467662,-86.151104,
MI,2605,41.992603,-85.147735,
MI,2606,42.248308,-83.71103,
MI,2607,42.735922,-84.344345,
MI,2608,43.392959,-83.978273,
MI,2609,43.425794,-82.938939,
MI,2610,42.584254,-82.995144,
MI,2611,42.582119,-83.334909,
MI,2612,42.387868,-83.286381,
MI,2613,42.324202,-83.114573,
MN,2701,43.904858,-93.531125,
MN,2702,44.550994,-93.373984,
MN,2703,45.022882,-93.510204,
MN,2704,45.001604,-92.990023,
MN,2705,44.983655,-93.292272,
MN,2706,45.292069,-93.838807,
MN,2707,46.207557,-95.666974,
MN,2708,47.400782,-93.233248,
MS,2801,34.263251,-89.005753,
MS,2802,32.938781,-90.434402,
MS,2803,32.188161,-89.41652,
MS,2804,30.930199,-89.039543,
MO,2901,38.726931,-90.305898,
MO,2902,38.533656,-90.956545,
MO,2903,38.4751,-91.724755,
MO,2904,38.227739,-93.484824,
MO,2905,39.02813,-94.460224,
MO,2906,39.872958,-93.183524,
MO,2907,36.918092,-93.710547,
MO,2908,37.128772,-90.920067,
MT,3001,46.922266,-113.485858,
MT,3002,47.071054,-108.146485,
NE,3101,41.377609,-96.979849,
NE,3102,41.228589,-96.45069,
NE,3103,41.540937,-100.152123,
NV,3201,35.864397,-114.949495,
NV,3202,40.528166,-116.989422,
NV,3203,35.987303,-115.565877,
NV,3204,37.802141,-116.212169,
NH,3301,43.407214,-71.186953,
NH,3302,43.767549,-71.697081,
NH,33ZZ,42.904329,-70.75435,
NJ,3401,39.7851,-75.0027,
NJ,3402,39.422695,-74.855363,
NJ,3403,39.97511,-74.611441,
NJ,3404,40.068792,-74.244556,
NJ,3405,41.114104,-74.447415,
NJ,3406,40.484591,-74.362435,
NJ,3407,40.735666,-74.833121,
NJ,3408,40.727686,-74.121396,
NJ,3409,40.895582,-74.141771,
NJ,3410,40.726369,-74.22465,
NJ,3411,40.876625,-74.419,
NJ,3412,40.390802,-74.585178,
NM,3501,34.286789,-105.238316,
NM,3502,33.212951,-107.003303,
NM,3503,35.639243,-105.523639,
NY,3601,40.998158,-72.569502,
NY,3602,40.720119,-73.105456,
NY,3603,40.832925,-73.596541,
NY,3604,40.627348,-73.607807,
NY,3605,40.669704,-73.804108,
NY,3606,40.736388,-73.831481,
NY,3607,40.712392,-73.91991,
NY,3608,40.61125,-73.917085,
NY,3609,40.638602,-73.950842,
NY,3610,40.681186,-74.003787,
NY,3611,40.566974,-74.126314,
NY,3612,40.764805,-73.975182,
NY,3613,40.80306,-73.947119,
NY,3614,40.809782,-73.837004,
NY,3615,40.85522,-73.882037,
NY,3616,40.978485,-73.7774,
NY,3617,41.308698,-73.803466,
NY,3618,41.631126,-74.078575,
NY,3619,42.207031,-75.119463,
NY,3620,42.895628,-73.92203,
NY,3621,43.836491,-74.471462,
NY,3622,43.089242,-75.72262,
NY,3623,42.34025,-78.295441,
NY,3624,43.231005,-77.13939,
NY,3625,43.356426,-77.906015,
NY,3626,43.095013,-78.859392,
NC,3701,36.054577,-77.268219,
NC,3702,35.874684,-78.59604,
NC,3703,35.275259,-76.829963,
NC,3704,36.193163,-78.992268,
NC,3705,36.225649,-81.079416,
NC,3706,36.263661,-79.685442,
NC,3707,34.441785,-78.482467,
NC,3708,35.309295,-80.232791,
NC,3709,35.382559,-79.412015,
NC,3710,35.610438,-81.343223,
NC,3711,35.374357,-82.944815,
NC,3712,35.347627,-80.753542,
NC,3713,35.501395,-78.494274,
NC,3714,35.212457,-81.010384,
ND,3800,47.442174,-100.460826,
OH,3901,39.339835,-84.254842,
OH,3902,39.103822,-83.059745,
OH,3903,40.03519,-82.92248,
OH,3904,40.540755,-83.372266,
OH,3905,41.086487,-83.497285,
OH,3906,40.250668,-81.104037,
OH,3907,40.998541,-81.873254,
OH,3908,39.752032,-84.604495,
OH,3909,41.527263,-83.532038,
OH,3910,39.736614,-84.066956,
OH,3911,41.545337,-81.630557,
OH,3912,40.010896,-82.102836,
OH,3913,41.036438,-81.510967,
OH,3914,41.667643,-80.985186,
OH,3915,39.917032,-83.618594,
OK,4001,36.056374,-95.853266,
OK,4002,35.184143,-95.46217,
OK,4003,36.141183,-98.914682,
OK,4004,34.569374,-97.751182,
OK,4005,35.483688,-97.030852,
OR,4101,45.763606,-123.456076,
OR,4102,43.769931,-119.742648,
OR,4103,45.456269,-121.956128,
OR,4104,43.629644,-123.516305,
OR,4105,44.618303,-122.248383,
OR,4106,45.064704,-123.262822,
PA,4201,40.331089,-75.140112,
PA,4202,40.044915,-75.061647,
PA,4203,40.000332,-75.197003,
PA,4204,40.313412,-75.579931,
PA,4205,39.930533,-75.374592,
PA,4206,40.026923,-75.776637,
PA,4207,40.772727,-75.531437,
PA,4208,41.354339,-75.401446,
PA,4209,41.252913,-76.321324,
PA,4210,40.244133,-76.921993,
PA,4211,39.966893,-76.389575,
PA,4212,40.358754,-79.818097,
PA,4213,40.238783,-77.964975,
PA,4214,40.131475,-79.578919,
PA,4215,41.351935,-78.31176,
PA,4216,41.571184,-80.103227,
PA,4217,40.602892,-80.186243,
RI,4401,41.630677,-71.328672,
RI,4402,41.569601,-71.615514,
SC,4501,33.152321,-79.695326,
SC,4502,33.627488,-81.348938,
SC,4503,34.356147,-82.287307,
SC,4504,34.92936,-82.185611,
SC,4505,34.56432,-80.993355,
SC,4506,33.246568,-80.594258,
SC,4507,34.045862,-79.497108,
SD,4600,44.446796,-100.238176,
TN,4701,36.20448,-82.827445,
TN,4702,36.101749,-83.887156,
TN,4703,35.604824,-84.583663,
TN,4704,35.406041,-86.146635,
TN,4705,35.734273,-86.900125,
TN,4706,36.221377,-85.573242,
TN,4707,36.008294,-87.554786,
TN,4708,35.728236,-88.916352,
TN,4709,35.281989,-89.937517,
TX,4801,32.489696,-94.564725,
TX,4802,30.09513,-95.255565,
TX,4803,33.171788,-96.292085,
TX,4804,33.469423,-95.824657,
TX,4805,32.554632,-95.814922,
TX,4806,32.009681,-96.265954,
TX,4807,29.606141,-95.679511,
TX,4808,30.55993,-95.233738,
TX,4809,29.600663,-95.439594,
TX,4810,30.209212,-96.56405,
TX,4811,31.393839,-99.980585,
TX,4812,32.821328,-97.664515,
TX,4813,34.928169,-100.708968,
TX,4814,29.406653,-94.745843,
TX,4815,27.964287,-98.103699,
TX,4816,31.812149,-106.405684,
TX,4817,31.256938,-96.031462,
TX,4818,29.985874,-95.345795,
TX,4819,33.188458,-101.443695,
TX,4820,29.455375,-98.618294,
TX,4821,30.015481,-98.914657,
TX,4822,29.123836,-95.987666,
TX,4823,30.378409,-102.357026,
TX,4824,32.901352,-97.074791,
TX,4825,32.566706,-98.440815,
TX,4826,33.465202,-97.38246,
TX,4827,28.748411,-97.227146,
TX,4828,27.706979,-98.86163,
TX,4829,29.775598,-95.305027,
TX,4830,32.654752,-96.817165,
TX,4831,31.241296,-97.809824,
TX,4832,32.866191,-96.749702,
TX,4833,32.692908,-97.254607,
TX,4834,26.72814,-97.605924,
TX,4835,30.007872,-97.8393,
TX,4836,30.36855,-94.377065,
TX,4837,30.300529,-97.774361,
TX,4838,29.944847,-95.615885,
UT,4901,41.480119,-112.537206,
UT,4902,38.730499,-112.562716,
UT,4903,39.134877,-109.933399,
UT,4904,39.762905,-111.7718,
VT,5000,44.058954,-72.671017,
VA,5101,37.656264,-76.802492,
VA,5102,37.221318,-76.010686,
VA,5103,36.955347,-76.327215,
VA,5104,37.008084,-77.422785,
VA,5105,37.318398,-78.606257,
VA,5106,38.274886,-79.158835,
VA,5107,38.288097,-77.732213,
VA,5108,38.798299,-77.137196,
VA,5109,36.975373,-81.158627,
VA,5110,38.80494,-77.792647,
VA,5111,38.867784,-77.309695,
WA,5301,47.872859,-122.126886,
WA,5302,48.580139,-122.044331,
WA,5303,46.326534,-122.607727,
WA,5304,47.249934,-120.032462,
WA,5305,47.43317,-118.014611,
WA,5306,47.638858,-123.55094,
WA,5307,47.553056,-122.391729,
WA,5308,47.541345,-121.143392,
WA,5309,47.435325,-122.253621,
WA,5310,47.04939,-122.748488,
WV,5401,38.199694,-81.147445,
WV,5402,39.284706,-79.850219,
WI,5501,42.72927,-87.942548,
WI,5502,42.961408,-89.733956,
WI,5503,44.056297,-90.891748,
WI,5504,43.072582,-87.865368,
WI,5505,43.171561,-88.512248,
WI,5506,43.786274,-88.290403,
WI,5507,45.698997,-90.655335,
WI,5508,44.842455,-87.932142,
WY,5600,42.989659,-107.544392,
PR,7298,18.217648,-66.410799,
WI,SS,43.072765,-89.298895,WI202412
NY,SS,43.193523,-77.609413,NY202411
OH,SS,39.989833,-83.000667,OH202411
CT,SS,41.321934,-72.939471,CT202411
AL,SS,33.541897,-86.751785,AL202411
IL,SS,41.573467,-87.711397,IL202411
IL,SS,41.893003,-87.718797,IL202411
LA,SS,30.131074,-91.82556,LA202410
AL,SS,32.326684,-86.928491,AL202410
NY,SS,40.635297,-73.911244,NY202410
WI,SS,43.006933,-87.924423,WI202410
NY,SS,43.138455,-77.627094,NY202410
CO,SS,38.811952,-104.753947,CO202410
CA,SS,33.90629,-118.124723,CA202410
KY,SS,38.145524,-85.863552,KY20249
PA,SS,40.056969,-75.161901,PA20249
GA,SS,32.479435,-84.964201,GA20249
MD,SS,39.414008,-76.351563,MD20249
GA,SS,33.949311,-83.78523,GA20249
MD,SS,39.390309,-76.552348,MD20249
TX,SS,31.860546,-106.556197,TX20248
PA,SS,40.028988,-75.123201,PA20248
KY,SS,38.145114,-85.861143,KY20247
MD,SS,38.83431,-76.789041,MD20247
OH,SS,39.758122,-84.260381,OH20247
MD,SS,39.294943,-76.518884,MD20247
MD,SS,38.821494,-76.977068,MD20246
WA,SS,47.605193,-122.302397,WA20246
WA,SS,47.37389,-122.208131,WA20246
FL,SS,29.332059,-82.16197,FL20245
OH,SS,39.140791,-84.45232,OH20245
TX,SS,32.66329,-97.074059,TX20244
WA,SS,46.274458,-119.356404,WA20244
TN,SS,35.175511,-89.953567,TN20244
MO,SS,39.004679,-94.253236,MO20244
NJ,SS,40.719815,-74.192068,NJ20243
IL,SS,41.728435,-87.607115,IL20243
OH,SS,39.737324,-84.224694,OH20243
MD,SS,39.316633,-76.68301,MD20243
TX,SS,31.097525,-97.440166,TX20243
NY,SS,40.819569,-73.908767,NY20243
LA,SS,30.287721,-92.041143,LA20243
ID,SS,43.502188,-112.01256,ID20242
CA,SS,33.967758,-118.176742,CA20242
CA,SS,33.978346,-118.198064,CA20242
GA,SS,33.684387,-84.435806,GA20242
TN,SS,36.176258,-86.760461,TN20242
TX,SS,29.923252,-95.492646,TX20242
IL,SS,41.989979,-87.661937,IL20241
IL,SS,41.882755,-87.627761,IL20241
TN,SS,35.154243,-90.169618,TN20241
IL,SS,41.720521,-87.656287,IL20241
MD,SS,39.249238,-76.810339,MD20241
IN,SS,41.10573,-85.07862,IN20241
OH,SS,39.754868,-84.227876,OH20241
LA,SS,30.780345,-89.867678,LA20241
TX,SS,29.716751,-95.505534,TX20241
TX,SS,29.856129,-95.705023,TX202312
OH,SS,41.519472,-81.639212,OH202311
NV,SS,36.165185,-115.139953,NV202311
IN,SS,39.79807,-86.13069,IN202311
LA,SS,30.099443,-90.982625,LA202310
TX,SS,33.20714,-97.127168,TX202310
FL,SS,25.831978,-80.204024,FL202310
TX,SS,32.66651,-97.262486,TX202310
SC,SS,34.223555,-80.240733,SC202310
GA,SS,33.24564,-84.259326,GA20239
NC,SS,36.061077,-79.764821,NC20239
MD,SS,39.304237,-76.641862,MD20239
IL,SS,41.573196,-87.712544,IL20239
LA,SS,30.827985,-90.671369,LA20239
MD,SS,38.989094,-76.837565,MD20239
LA,SS,30.459975,-91.256263,LA20239
OK,SS,35.477607,-97.280348,OK20238
NM,SS,36.35508,-105.599557,NM20238
VA,SS,37.203262,-77.385817,VA20238
DC,SS,38.918471,-77.040641,DC20237
PA,SS,40.271487,-76.847467,PA20237
NY,SS,40.621017,-73.981291,NY20237
GA,SS,33.44606,-84.338464,GA20237
AL,SS,33.541961,-86.75192,AL20237
MD,SS,39.377191,-76.699631,MD20237
NJ,SS,39.388474,-75.073446,NJ20236
VA,SS,37.546442,-77.451597,VA20236
CA,SS,33.917587,-116.877627,CA20235
GA,SS,33.734782,-84.505205,GA20235
PA,SS,40.464471,-80.024013,PA20235
DC,SS,38.942626,-77.028203,DC20235
MD,SS,38.857638,-76.873859,MD20235
CA,SS,33.923977,-118.246108,CA20234
TX,SS,29.588659,-95.459468,TX20234
AZ,SS,33.502159,-112.195755,AZ20234
CA,SS,38.010363,-121.274625,CA20234
WA,SS,47.529172,-122.365599,WA20234
TN,SS,36.09336101,-86.82586709,TN20233
TX,SS,32.762637,-97.12519,TX20233
IN,SS,39.767696,-86.085286,IN20233
MD,SS,39.292601,-76.540269,MD20233
IL,SS,41.798502,-87.705906,IL20233
TX,SS,29.738289,-95.237235,TX20232
TX,SS,36.046822,-102.499639,TX20232
DC,SS,38.967342,-77.01978,DC20231
OH,SS,41.453926,-81.602571,OH20231
MI,SS,42.443861,-82.99081,MI20231
AL,1pw,30.694874,-87.975264,
AL,2pw,31.863085,-85.997091,
AL,3pw,33.131429,-85.719775,
AL,4pw,34.207412,-86.915743,
AL,5pw,34.721032,-86.728748,
AL,6pw,33.45986,-86.744342,
AL,7pw,33.03565,-87.173771,
AK,0pw,61.408891,-149.024038,
AZ,1pw,33.599378,-111.965582,
AZ,2pw,34.474252,-111.413848,
AZ,3pw,33.457579,-112.133409,
AZ,4pw,33.382901,-111.85761,
AZ,5pw,33.30097,-111.691985,
AZ,6pw,32.264672,-110.811973,
AZ,7pw,32.361521,-111.732661,
AZ,8pw,33.648381,-112.199681,
AZ,9pw,33.852837,-113.159477,
AR,1pw,35.563761,-91.255727,
AR,2pw,34.909441,-92.324428,
AR,3pw,36.028626,-94.200599,
AR,4pw,34.295164,-93.077734,
CA,1pw,39.947274,-121.888412,
CA,2pw,38.96411,-123.063492,
CA,3pw,38.844802,-120.963008,
CA,4pw,38.472484,-122.287151,
CA,5pw,37.773239,-120.611983,
CA,6pw,38.641478,-121.373436,
CA,7pw,38.477715,-121.434502,
CA,8pw,38.063465,-122.143257,
CA,9pw,37.930333,-121.308303,
CA,10pw,37.89363,-121.949012,
CA,11pw,37.766936,-122.437191,
CA,12pw,37.79944,-122.231045,
CA,13pw,37.240329,-120.615745,
CA,14pw,37.639767,-122.000059,
CA,15pw,37.596886,-122.352243,
CA,16pw,37.34996,-122.041416,
CA,17pw,37.39075,-121.96333,
CA,18pw,36.959845,-121.658563,
CA,19pw,36.828229,-121.715063,
CA,20pw,35.940406,-119.18914,
CA,21pw,36.65514,-119.632062,
CA,22pw,35.67213,-119.164499,
CA,23pw,34.411376,-117.178617,
CA,24pw,34.71961,-120.080169,
CA,25pw,33.570121,-116.30209,
CA,26pw,34.225179,-118.968369,
CA,27pw,34.519553,-118.313956,
CA,28pw,34.124206,-118.042863,
CA,29pw,34.226688,-118.430955,
CA,30pw,34.136903,-118.300388,
CA,31pw,34.083791,-117.934672,
CA,32pw,34.173327,-118.536793,
CA,33pw,34.116424,-117.357674,
CA,34pw,34.064323,-118.232887,
CA,35pw,34.051074,-117.633379,
CA,36pw,33.938287,-118.410569,
CA,37pw,34.010159,-118.313029,
CA,38pw,33.962538,-118.008564,
CA,39pw,33.923542,-117.33928,
CA,40pw,33.739195,-117.73404,
CA,41pw,33.766034,-117.152017,
CA,42pw,33.880442,-118.164145,
CA,43pw,33.916104,-118.30004,
CA,44pw,33.848253,-118.220187,
CA,45pw,33.818095,-117.974128,
CA,46pw,33.791214,-117.913134,
CA,47pw,33.673963,-117.88066,
CA,48pw,33.17784,-117.032553,
CA,49pw,33.276155,-117.408354,
CA,50pw,32.918539,-117.168436,
CA,51pw,32.813149,-117.077618,
CA,52pw,32.65274,-117.058459,
CO,1pw,39.724559,-104.949872,
CO,2pw,40.177421,-105.367812,
CO,3pw,38.476752,-106.866827,
CO,4pw,39.741152,-104.577597,
CO,5pw,38.87621,-104.756931,
CO,6pw,39.647746,-104.867892,
CO,7pw,39.588694,-105.182445,
CO,8pw,40.04548,-104.89443,
CT,1pw,41.746727,-72.724253,
CT,2pw,41.629909,-72.250792,
CT,3pw,41.340894,-72.945739,
CT,4pw,41.157298,-73.376699,
CT,5pw,41.589278,-73.090513,
DE,0pw,39.333614,-75.548423,
DC,98pw,38.910168,-77.014003,
FL,1pw,30.521309,-86.958774,
FL,2pw,30.410892,-84.815564,
FL,3pw,29.642648,-82.441015,
FL,4pw,30.296116,-81.731453,
FL,5pw,30.194995,-81.51029,
FL,6pw,29.243238,-81.496849,
FL,7pw,28.808808,-81.232532,
FL,8pw,28.111225,-80.640209,
FL,9pw,28.328563,-81.380276,
FL,10pw,28.551668,-81.340245,
FL,11pw,28.619337,-81.72054,
FL,12pw,28.448912,-82.537945,
FL,13pw,27.925945,-82.746739,
FL,14pw,27.932476,-82.53406,
FL,15pw,28.08577,-82.285623,
FL,16pw,27.647593,-82.418076,
FL,17pw,27.035179,-82.208967,
FL,18pw,27.755003,-81.64142,
FL,19pw,26.480359,-81.860891,
FL,20pw,26.347884,-80.2147,
FL,21pw,27.114746,-80.254805,
FL,22pw,26.569591,-80.125078,
FL,23pw,26.274511,-80.168602,
FL,24pw,25.90076,-80.192006,
FL,25pw,26.039905,-80.269509,
FL,26pw,25.963545,-80.676898,
FL,27pw,25.719586,-80.290306,
FL,28pw,25.529698,-80.512688,
GA,1pw,31.709692,-81.487517,
GA,2pw,32.057295,-84.284065,
GA,3pw,33.30572,-84.73099,
GA,4pw,33.764291,-84.177573,
GA,5pw,33.758071,-84.388322,
GA,6pw,34.111868,-84.280407,
GA,7pw,33.92727,-84.093455,
GA,8pw,31.896145,-83.427434,
GA,9pw,34.336778,-83.835527,
GA,10pw,33.776031,-83.630533,
GA,11pw,34.074699,-84.585532,
GA,12pw,33.02505,-82.172421,
GA,13pw,33.628784,-84.463451,
GA,14pw,34.377784,-84.999509,
HI,1pw,21.342686,-157.903842,
HI,2pw,20.88285,-157.076235,
ID,1pw,45.163732,-116.601308,
ID,2pw,43.27722,-113.897265,
IL,1pw,41.640745,-87.746577,
IL,2pw,41.326276,-87.705042,
IL,3pw,41.933404,-87.874547,
IL,4pw,41.826966,-87.764822,
IL,5pw,42.001282,-87.802074,
IL,6pw,41.747541,-87.882978,
IL,7pw,41.864523,-87.710196,
IL,8pw,42.022408,-88.14014,
IL,9pw,42.061868,-87.825302,
IL,10pw,42.304284,-87.952209,
IL,11pw,41.926829,-88.280641,
IL,12pw,38.27962,-89.007864,
IL,13pw,39.311504,-89.501371,
IL,14pw,41.626603,-88.38718,
IL,15pw,39.67708,-89.630907,
IL,16pw,41.396698,-89.231883,
IL,17pw,41.357678,-89.754285,
IN,1pw,41.532668,-87.275019,
IN,2pw,41.472262,-86.126264,
IN,3pw,41.109679,-85.188855,
IN,4pw,40.147131,-86.668989,
IN,5pw,40.154969,-85.871622,
IN,6pw,39.645069,-85.833801,
IN,7pw,39.821879,-86.13791,
IN,8pw,38.604035,-87.28908,
IN,9pw,38.809916,-85.86436,
IA,1pw,41.489926,-91.50015,
IA,2pw,42.452591,-91.958547,
IA,3pw,41.487989,-93.713426,
IA,4pw,42.315966,-94.986316,
KS,1pw,38.686077,-98.069037,
KS,2pw,38.675872,-95.420492,
KS,3pw,38.901851,-94.766795,
KS,4pw,37.660137,-97.353239,
KY,1pw,37.168702,-87.005139,
KY,2pw,37.536947,-86.266526,
KY,3pw,38.200945,-85.694972,
KY,4pw,38.728789,-84.631345,
KY,5pw,37.414348,-83.519822,
KY,6pw,37.980112,-84.424075,
LA,1pw,30.074382,-90.153707,
LA,2pw,30.04213,-90.332241,
LA,3pw,30.155579,-92.37855,
LA,4pw,31.920924,-93.305073,
LA,5pw,31.673752,-91.757254,
LA,6pw,30.31036,-90.967015,
ME,1pw,43.750723,-70.227035,
ME,2pw,44.784085,-69.284818,
MD,1pw,39.104435,-76.024017,
MD,2pw,39.419532,-76.69928,
MD,3pw,39.157728,-76.709572,
MD,4pw,38.933573,-76.917458,
MD,5pw,38.711651,-76.741936,
MD,6pw,39.403809,-77.610103,
MD,7pw,39.304898,-76.621715,
MD,8pw,39.057947,-77.093233,
MA,1pw,42.19661,-72.60025,
MA,2pw,42.318302,-71.917299,
MA,3pw,42.608797,-71.415262,
MA,4pw,42.033246,-71.236836,
MA,5pw,42.394992,-71.187927,
MA,6pw,42.576655,-70.991676,
MA,7pw,42.336842,-71.08724,
MA,8pw,42.203491,-71.049797,
MA,9pw,41.793998,-70.670794,
MI,1pw,45.392416,-85.775214,
MI,2pw,43.428617,-85.400336,
MI,3pw,42.989275,-85.782909,
MI,4pw,42.455493,-85.789518,
MI,5pw,42.000395,-84.727585,
MI,6pw,42.270269,-83.562541,
MI,7pw,42.68543,-84.288639,
MI,8pw,43.244635,-83.854103,
MI,9pw,42.931793,-83.033258,
MI,10pw,42.568185,-82.997327,
MI,11pw,42.559379,-83.289724,
MI,12pw,42.379164,-83.272102,
MI,13pw,42.334793,-83.109751,
MN,1pw,44.013139,-93.156518,
MN,2pw,44.728122,-93.231174,
MN,3pw,45.007454,-93.420862,
MN,4pw,44.988174,-93.05895,
MN,5pw,44.978328,-93.28761,
MN,6pw,45.259603,-93.682608,
MN,7pw,45.926656,-95.462822,
MN,8pw,46.618442,-93.209506,
MS,1pw,34.434966,-89.160136,
MS,2pw,32.843545,-90.385657,
MS,3pw,32.234221,-89.638355,
MS,4pw,30.788715,-89.082734,
MO,1pw,38.687625,-90.298628,
MO,2pw,38.582894,-90.583609,
MO,3pw,38.648719,-91.374041,
MO,4pw,38.442903,-93.433832,
MO,5pw,39.046714,-94.489251,
MO,6pw,39.577196,-93.528791,
MO,7pw,37.038188,-93.63953,
MO,8pw,37.439133,-90.557726,
MT,1pw,46.878504,-113.304581,
MT,2pw,46.642513,-109.364834,
NE,1pw,41.069116,-96.605532,
NE,2pw,41.251264,-96.09411,
NE,3pw,41.183266,-98.972831,
NV,1pw,36.088356,-115.063168,
NV,2pw,39.590212,-119.279608,
NV,3pw,36.083409,-115.244048,
NV,4pw,36.295414,-115.237815,
NH,1pw,43.122817,-71.204842,
NH,2pw,43.175477,-71.706823,
NJ,1pw,39.838875,-75.04843,
NJ,2pw,39.474213,-74.796459,
NJ,3pw,40.108199,-74.675996,
NJ,4pw,40.099946,-74.17636,
NJ,5pw,40.977654,-74.127531,
NJ,6pw,40.472512,-74.269372,
NJ,7pw,40.707232,-74.659061,
NJ,8pw,40.732203,-74.095785,
NJ,9pw,40.876262,-74.126599,
NJ,10pw,40.726087,-74.204695,
NJ,11pw,40.84466,-74.339621,
NJ,12pw,40.409704,-74.551886,
NM,1pw,35.062383,-106.521296,
NM,2pw,33.452294,-106.599385,
NM,3pw,35.308759,-105.894397,
NY,1pw,40.887576,-73.033912,
NY,2pw,40.753378,-73.184824,
NY,3pw,40.771772,-73.620792,
NY,4pw,40.673463,-73.629957,
NY,5pw,40.674261,-73.790696,
NY,6pw,40.740003,-73.843557,
NY,7pw,40.708767,-73.923464,
NY,8pw,40.640788,-73.928032,
NY,9pw,40.641718,-73.952633,
NY,10pw,40.687508,-73.995069,
NY,11pw,40.598464,-74.089709,
NY,12pw,40.766271,-73.973148,
NY,13pw,40.834575,-73.931454,
NY,14pw,40.80132,-73.868374,
NY,15pw,40.848825,-73.895171,
NY,16pw,40.955454,-73.813064,
NY,17pw,41.222746,-73.882298,
NY,18pw,41.564952,-74.091571,
NY,19pw,42.21198,-75.364347,
NY,20pw,42.809262,-73.819329,
NY,21pw,43.658324,-74.308541,
NY,22pw,43.084337,-75.885728,
NY,23pw,42.468664,-78.355706,
NY,24pw,43.12386,-77.173494,
NY,25pw,43.163519,-77.630908,
NY,26pw,42.97458,-78.841915,
NC,1pw,35.958178,-77.57703,
NC,2pw,35.848719,-78.658125,
NC,3pw,35.11789,-77.264043,
NC,4pw,36.044096,-79.038518,
NC,5pw,36.151125,-80.778244,
NC,6pw,36.123501,-79.859394,
NC,7pw,34.428544,-78.380066,
NC,8pw,35.378743,-80.393081,
NC,9pw,35.329125,-79.291091,
NC,10pw,35.595625,-81.262714,
NC,11pw,35.464159,-82.704442,
NC,12pw,35.329207,-80.75834,
NC,13pw,35.598458,-78.571972,
NC,14pw,35.174647,-80.921794,
ND,0pw,47.33954,-99.453293,
OH,1pw,39.239099,-84.397413,
OH,2pw,39.103277,-83.332601,
OH,3pw,40.025714,-82.944628,
OH,4pw,40.508957,-83.273598,
OH,5pw,41.183744,-83.018565,
OH,6pw,40.589235,-80.984414,
OH,7pw,41.23948,-81.807373,
OH,8pw,39.420074,-84.542098,
OH,9pw,41.564575,-83.565503,
OH,10pw,39.758285,-84.120603,
OH,11pw,41.48643,-81.615989,
OH,12pw,39.997144,-82.3104,
OH,13pw,41.033785,-81.485114,
OH,14pw,41.458755,-81.086993,
OH,15pw,39.969749,-83.328708,
OK,1pw,36.09477,-95.900501,
OK,2pw,35.564035,-95.439694,
OK,3pw,35.855383,-97.882416,
OK,4pw,34.971444,-97.605597,
OK,5pw,35.548696,-97.431173,
OR,1pw,45.574761,-122.947291,
OR,2pw,43.468669,-121.344823,
OR,3pw,45.514337,-122.501604,
OR,4pw,43.941892,-123.382719,
OR,5pw,44.886879,-122.364199,
OR,6pw,45.134512,-122.976646,
PA,1pw,40.245886,-75.068995,
PA,2pw,40.031793,-75.082415,
PA,3pw,39.983446,-75.189169,
PA,4pw,40.210779,-75.404791,
PA,5pw,39.94421,-75.332921,
PA,6pw,40.090768,-75.753082,
PA,7pw,40.667559,-75.448385,
PA,8pw,41.268642,-75.592655,
PA,9pw,40.929337,-76.382442,
PA,10pw,40.186147,-76.871033,
PA,11pw,40.013115,-76.409408,
PA,12pw,40.393524,-79.898548,
PA,13pw,40.214645,-77.936957,
PA,14pw,40.209458,-79.678457,
PA,15pw,41.156883,-78.256189,
PA,16pw,41.453078,-80.111144,
PA,17pw,40.539987,-80.07597,
RI,1pw,41.813276,-71.387518,
RI,2pw,41.698206,-71.513244,
SC,1pw,32.785717,-80.227897,
SC,2pw,33.872293,-81.273924,
SC,3pw,34.515987,-82.431626,
SC,4pw,34.89289,-82.220511,
SC,5pw,34.748921,-81.036212,
SC,6pw,33.35875,-80.495675,
SC,7pw,33.982746,-79.329234,
SD,0pw,43.986511,-98.929578,
TN,1pw,36.260554,-82.79333,
TN,2pw,35.968738,-83.976065,
TN,3pw,35.374346,-84.848986,
TN,4pw,35.60129,-86.271473,
TN,5pw,35.967021,-86.757105,
TN,6pw,36.238422,-86.080204,
TN,7pw,36.245702,-87.169724,
TN,8pw,35.591905,-89.128021,
TN,9pw,35.142722,-89.912946,
TX,1pw,32.570063,-94.797312,
TX,2pw,30.072226,-95.317126,
TX,3pw,33.129058,-96.591364,
TX,4pw,33.236149,-96.472854,
TX,5pw,32.726823,-96.31736,
TX,6pw,32.417936,-96.724346,
TX,7pw,29.705595,-95.562,
TX,8pw,30.12867,-95.578368,
TX,9pw,29.631591,-95.454823,
TX,10pw,30.372052,-96.851931,
TX,11pw,31.557021,-100.364192,
TX,12pw,32.781731,-97.437931,
TX,13pw,34.510256,-99.975451,
TX,14pw,29.575543,-94.735862,
TX,15pw,26.911525,-98.198322,
TX,16pw,31.793303,-106.380264,
TX,17pw,31.182415,-96.490273,
TX,18pw,29.877375,-95.411796,
TX,19pw,33.175548,-101.393916,
TX,20pw,29.460026,-98.612333,
TX,21pw,29.786144,-98.430345,
TX,22pw,29.564783,-95.698366,
TX,23pw,29.849486,-100.540049,
TX,24pw,32.897831,-97.067413,
TX,25pw,32.581089,-97.546744,
TX,26pw,33.127089,-97.051814,
TX,27pw,28.363133,-97.339635,
TX,28pw,28.408962,-98.816364,
TX,29pw,29.793101,-95.290449,
TX,30pw,32.684545,-96.84442,
TX,31pw,30.835295,-97.699856,
TX,32pw,32.88716,-96.725032,
TX,33pw,32.777446,-97.072593,
TX,34pw,26.177812,-97.768048,
TX,35pw,29.872364,-98.019859,
TX,36pw,29.900677,-94.823557,
TX,37pw,30.318835,-97.763204,
TX,38pw,29.923412,-95.583486,
UT,1pw,41.229024,-111.939646,
UT,2pw,39.571305,-112.425974,
UT,3pw,40.324341,-111.511382,
UT,4pw,40.418668,-111.898522,
VT,0pw,44.101951,-72.824278,
VA,1pw,37.518449,-77.171157,
VA,2pw,36.851318,-76.203693,
VA,3pw,36.946004,-76.355421,
VA,4pw,37.390203,-77.438773,
VA,5pw,37.43438,-78.694635,
VA,6pw,38.209011,-79.061387,
VA,7pw,38.430419,-77.514193,
VA,8pw,38.836146,-77.120338,
VA,9pw,36.975785,-80.963266,
VA,10pw,38.904644,-77.547275,
VA,11pw,38.85921,-77.311456,
WA,1pw,47.824591,-122.167467,
WA,2pw,48.326381,-122.398971,
WA,3pw,45.925533,-122.685522,
WA,4pw,46.637979,-119.789643,
WA,5pw,47.479433,-117.521618,
WA,6pw,47.480915,-122.826924,
WA,7pw,47.633996,-122.341918,
WA,8pw,47.420516,-121.816954,
WA,9pw,47.449149,-122.245767,
WA,10pw,47.112611,-122.560385,
WV,1pw,38.166627,-81.565027,
WV,2pw,39.478767,-79.764372,
WI,1pw,42.70515,-88.198501,
WI,2pw,43.056035,-89.471438,
WI,3pw,44.191846,-90.956686,
WI,4pw,43.058664,-87.960231,
WI,5pw,43.10246,-88.304348,
WI,6pw,43.794715,-88.382171,
WI,7pw,45.358962,-90.860574,
WI,8pw,44.521461,-88.204489,
WY,0pw,42.694801,-106.993051,
PR,98pw,18.282916,-66.348884,
