USPS,GEOID,INTPTLAT,INTPTLONG,note
AL,101,31.032933,-87.790581,
AL,102,31.745862,-86.069252,
AL,103,33.046308,-85.704818,
AL,104,34.075826,-87.090359,
AL,105,34.746671,-86.934546,
AL,106,33.272663,-86.880879,
AL,107,32.432983,-87.69135,
AK,200,63.346191,-152.837068,
AZ,401,34.82065,-110.898861,
AZ,402,36.019196,-113.548031,
AZ,403,33.79664,-112.051368,
AZ,404,33.425884,-112.112702,
AZ,405,33.6767,-111.613212,
AZ,406,33.313421,-111.570848,
AZ,407,32.746653,-112.986309,
AZ,408,31.914153,-110.063611,
AR,501,35.496374,-91.223027,
AR,502,35.083044,-92.556434,
AR,503,35.891427,-93.645745,
AR,504,33.91255,-92.924248,
CA,601,39.926364,-123.408849,
CA,602,40.540023,-122.346395,
CA,603,38.405372,-120.679855,
CA,604,40.294012,-120.687361,
CA,605,38.564269,-121.449571,
CA,606,38.307514,-122.881125,
CA,607,38.103406,-122.154558,
CA,608,37.787077,-122.429252,
CA,609,37.78868,-122.170862,
CA,610,38.006712,-121.851845,
CA,611,37.707461,-121.411409,
CA,612,37.57192,-122.262876,
CA,613,37.600816,-122.060366,
CA,614,37.251973,-122.204452,
CA,615,37.336539,-121.945619,
CA,616,37.240233,-121.770722,
CA,617,36.36422,-121.271389,
CA,618,37.23816,-120.806273,
CA,619,37.601987,-119.983575,
CA,620,36.130447,-119.98125,
CA,621,36.526252,-118.92967,
CA,622,35.29737,-119.085,
CA,623,34.026062,-119.57086,
CA,624,34.546832,-119.572229,
CA,625,36.121802,-117.484656,
CA,626,34.281518,-117.799988,
CA,627,34.259562,-118.471881,
CA,628,34.191786,-118.418707,
CA,629,34.159344,-118.193017,
CA,630,34.076898,-118.672879,
CA,631,34.08397,-118.241811,
CA,632,34.084929,-117.989558,
CA,633,34.033781,-118.337787,
CA,634,33.981853,-118.178911,
CA,635,33.939766,-118.331085,
CA,636,33.877294,-118.395594,
CA,637,33.84473,-118.216252,
CA,638,34.001461,-117.963213,
CA,639,33.868857,-118.047501,
CA,640,33.79261,-117.830186,
CA,641,34.619754,-115.747701,
CA,642,33.860194,-117.729743,
CA,643,34.090311,-117.445545,
CA,644,33.775893,-117.491818,
CA,645,33.726592,-115.742704,
CA,646,33.33637,-118.382946,
CA,647,33.782814,-117.912378,
CA,648,33.600951,-117.776167,
CA,649,33.33634,-117.065648,
CA,650,33.040958,-117.199791,
CA,651,33.017392,-115.476904,
CA,652,32.97617,-116.535356,
CA,653,32.733402,-117.209975,
CO,801,39.75075,-104.886813,
CO,802,39.897363,-106.17836,
CO,803,38.586256,-106.906229,
CO,804,39.418668,-103.32234,
CO,805,38.84547,-105.388983,
CO,806,39.396256,-104.517559,
CO,807,39.86142,-104.38929,
CT,901,41.928463,-73.017382,
CT,902,41.649662,-72.210886,
CT,903,41.374705,-72.890059,
CT,904,41.190281,-73.393358,
CT,905,41.694322,-73.21,
DE,1000,38.99355,-75.447374,
DC,1198,38.904149,-77.017094,
FL,1201,30.667434,-86.547187,
FL,1202,30.183411,-84.463891,
FL,1203,29.426662,-81.73159,
FL,1204,30.400998,-82.526879,
FL,1205,28.792343,-82.410882,
FL,1206,30.072375,-82.024767,
FL,1207,29.531774,-81.352058,
FL,1208,28.842409,-81.695212,
FL,1209,28.104167,-82.475234,
FL,1210,27.855992,-82.74622,
FL,1211,27.833618,-82.512718,
FL,1212,27.875529,-81.773539,
FL,1213,27.328793,-82.118541,
FL,1214,26.504657,-81.903971,
FL,1215,28.039879,-80.901277,
FL,1216,27.106612,-81.076316,
FL,1217,25.926669,-80.214235,
FL,1218,25.034944,-81.015384,
FL,1219,26.452238,-80.178269,
FL,1220,26.096288,-80.33824,
FL,1221,25.837537,-80.345855,
FL,1222,26.535349,-80.094212,
FL,1223,26.57542,-80.661186,
FL,1224,28.717837,-80.993235,
FL,1225,25.780222,-80.9515,
GA,1301,31.356073,-82.246207,
GA,1302,31.686456,-84.334949,
GA,1303,33.142018,-84.684937,
GA,1304,33.750979,-84.135105,
GA,1305,33.745656,-84.429835,
GA,1306,34.162964,-84.429568,
GA,1307,33.891997,-83.857298,
GA,1308,32.335262,-83.470864,
GA,1309,34.630788,-84.484749,
GA,1310,34.009054,-83.114472,
GA,1311,34.122006,-85.072459,
GA,1312,32.728059,-82.209105,
GA,1313,33.796792,-84.671869,
HI,1501,21.328666,-157.865722,
HI,1502,19.809767,-155.506103,
ID,1601,45.29675,-116.035842,
ID,1602,43.443944,-113.364275,
IL,1701,41.675917,-87.711605,
IL,1702,41.581359,-87.627389,
IL,1703,41.764299,-87.805168,
IL,1704,41.831869,-87.710024,
IL,1705,41.948634,-87.784846,
IL,1706,41.940805,-88.051089,
IL,1707,41.872479,-87.730597,
IL,1708,42.320507,-88.169817,
IL,1709,42.020909,-87.780456,
IL,1710,42.19812,-87.902738,
IL,1711,41.201466,-88.63497,
IL,1712,37.948725,-89.497183,
IL,1713,41.687951,-88.051699,
IL,1714,41.701076,-89.158669,
IL,1715,39.975033,-88.168854,
IL,1716,42.193442,-89.461687,
IL,1717,40.266806,-90.429032,
IL,1718,40.265616,-89.963472,
IL,1719,38.624289,-88.887607,
IN,1801,41.141017,-87.248,
IN,1802,41.186477,-86.495876,
IN,1803,41.377727,-85.414664,
IN,1804,39.903415,-86.64622,
IN,1805,40.625568,-85.589619,
IN,1806,39.986315,-85.281623,
IN,1807,39.789403,-86.142935,
IN,1808,39.028783,-87.24648,
IN,1809,38.649611,-86.051529,
IA,1901,42.431693,-91.433684,
IA,1902,41.187394,-91.84035,
IA,1903,41.65512,-92.698985,
IA,1904,42.655383,-93.554622,
IA,1905,41.933526,-95.271906,
KS,2001,38.621142,-99.37115,
KS,2002,38.543097,-95.461862,
KS,2003,38.933765,-94.873273,
KS,2004,37.478788,-97.041672,
KY,2101,37.052041,-87.277336,
KY,2102,37.583254,-85.994869,
KY,2103,38.19372,-85.652246,
KY,2104,38.5211,-84.07998,
KY,2105,37.338536,-83.502635,
KY,2106,37.883881,-84.447982,
LA,2201,30.552174,-90.130908,
LA,2202,30.029039,-89.978889,
LA,2203,29.64918,-90.411137,
LA,2204,31.847467,-93.3416,
LA,2205,31.89479,-92.032676,
LA,2206,30.589061,-91.037927,
LA,2207,30.106566,-92.709272,
ME,2301,43.873854,-69.922422,
ME,2302,45.484863,-69.055935,
MD,2401,38.765513,-75.892728,
MD,2402,39.36254,-76.458506,
MD,2403,39.050906,-76.571359,
MD,2404,39.03029,-77.002197,
MD,2405,38.563923,-76.763589,
MD,2406,39.558122,-77.864508,
MD,2407,39.277181,-76.894602,
MD,2408,39.098176,-77.246024,
MA,2501,42.425603,-72.683487,
MA,2502,42.146101,-72.094294,
MA,2503,42.290238,-71.805018,
MA,2504,41.833595,-71.017709,
MA,2505,42.564685,-71.404675,
MA,2506,42.620733,-70.859233,
MA,2507,42.391391,-71.224973,
MA,2508,42.329361,-70.927986,
MA,2509,42.130123,-71.088407,
MA,2510,41.736995,-70.441181,
MI,2601,45.965892,-86.073343,
MI,2602,43.660485,-86.168146,
MI,2603,42.864178,-85.321503,
MI,2604,43.963588,-84.964008,
MI,2605,43.376249,-83.615728,
MI,2606,42.189062,-86.015572,
MI,2607,42.143028,-84.535984,
MI,2608,42.745413,-84.159446,
MI,2609,42.616273,-83.26055,
MI,2610,43.451886,-82.80901,
MI,2611,42.457719,-83.50155,
MI,2612,42.508987,-83.002143,
MI,2613,42.364884,-83.002713,
MI,2614,42.297166,-83.184129,
MI,2615,42.039989,-83.52649,
MN,2701,43.895235,-93.90403,
MN,2702,44.533837,-93.251321,
MN,2703,45.021203,-93.513086,
MN,2704,44.995771,-93.083523,
MN,2705,44.978114,-93.292832,
MN,2706,45.383003,-93.884589,
MN,2707,46.696684,-95.675245,
MN,2708,47.240005,-92.932319,
MS,2801,34.246513,-89.121132,
MS,2802,33.095326,-90.438054,
MS,2803,32.078375,-89.761028,
MS,2804,31.082107,-89.02848,
MO,2901,38.743414,-90.314161,
MO,2902,38.890891,-90.760613,
MO,2903,38.138403,-90.384531,
MO,2904,38.229777,-93.482912,
MO,2905,38.93571,-94.41891,
MO,2906,39.899089,-93.908162,
MO,2907,36.971814,-93.781234,
MO,2908,37.110933,-90.976139,
MO,2909,39.180906,-91.824371,
MT,3000,47.051177,-109.634817,
NE,3101,41.244418,-96.638101,
NE,3102,41.264887,-96.124342,
NE,3103,41.612393,-100.411045,
NV,3201,36.226615,-115.178752,
NV,3202,39.477717,-116.725512,
NV,3203,36.10699,-114.882094,
NH,3301,43.438731,-71.18726,
NH,3302,43.764181,-71.721452,
NJ,3401,39.783457,-75.062621,
NJ,3402,39.388968,-74.938547,
NJ,3403,39.826052,-74.447891,
NJ,3404,40.12378,-74.396862,
NJ,3405,41.163616,-74.881775,
NJ,3406,40.472452,-74.012492,
NJ,3407,40.603584,-74.714037,
NJ,3408,40.876007,-74.215126,
NJ,3409,40.852999,-74.060355,
NJ,3410,40.703333,-74.216456,
NJ,3411,40.858581,-74.547427,
NJ,3412,40.378202,-74.582878,
NJ,3413,40.655819,-74.13784,
NM,3501,34.745275,-106.048228,
NM,3502,33.367419,-106.375292,
NM,3503,35.918514,-105.660799,
NY,3601,40.983885,-72.549522,
NY,3602,40.800076,-73.289558,
NY,3603,40.707747,-73.481691,
NY,3604,40.67582,-73.65408,
NY,3605,40.796263,-73.72809,
NY,3606,40.657231,-73.778299,
NY,3607,40.823263,-73.832407,
NY,3608,40.671468,-74.006714,
NY,3609,40.593475,-73.881222,
NY,3610,40.634924,-73.89019,
NY,3611,40.656593,-73.954821,
NY,3612,40.705481,-73.923356,
NY,3613,40.566974,-74.126314,
NY,3614,40.760894,-73.949683,
NY,3615,40.817227,-73.937461,
NY,3616,40.831317,-73.903272,
NY,3617,41.073695,-74.002771,
NY,3618,41.064657,-73.796331,
NY,3619,41.399589,-74.001768,
NY,3620,43.66654,-73.786212,
NY,3621,42.704647,-74.233137,
NY,3622,41.881002,-74.860643,
NY,3623,44.432955,-74.160828,
NY,3624,42.54173,-76.435888,
NY,3625,43.228042,-76.73846,
NY,3626,42.920728,-78.148513,
NY,3627,42.447871,-79.176914,
NY,3628,43.37173,-78.190712,
NY,3629,42.384274,-77.704511,
NC,3701,35.969487,-77.229712,
NC,3702,35.551057,-78.585715,
NC,3703,35.398951,-76.624894,
NC,3704,35.912791,-78.955129,
NC,3705,36.227115,-80.878752,
NC,3706,35.7114,-79.778285,
NC,3707,34.525002,-78.427169,
NC,3708,35.112472,-79.948412,
NC,3709,35.152497,-80.832846,
NC,3710,35.671923,-81.570084,
NC,3711,35.430865,-82.94729,
NC,3712,35.735805,-80.461593,
NC,3713,36.276353,-79.101537,
ND,3800,47.456954,-100.46193,
OH,3901,39.266441,-84.643708,
OH,3902,38.979588,-83.639172,
OH,3903,39.433341,-83.915665,
OH,3904,40.5995,-83.563291,
OH,3905,41.186299,-83.773435,
OH,3906,39.649324,-81.552233,
OH,3907,39.701373,-83.14278,
OH,3908,39.95533,-84.521322,
OH,3909,41.540878,-82.83392,
OH,3910,41.411105,-81.775643,
OH,3911,41.492288,-81.553662,
OH,3912,40.178403,-82.836751,
OH,3913,41.491961,-82.10551,
OH,3914,41.567593,-81.003091,
OH,3915,40.056109,-83.308009,
OH,3916,40.859948,-81.77856,
OH,3917,41.17996,-80.980035,
OH,3918,39.955428,-82.006416,
OK,4001,36.224601,-95.787501,
OK,4002,35.16764,-95.429676,
OK,4003,36.105809,-98.840225,
OK,4004,34.561775,-97.691497,
OK,4005,35.307879,-96.989604,
OR,4101,45.720516,-123.352142,
OR,4102,43.837494,-119.59685,
OR,4103,45.431498,-122.246103,
OR,4104,43.490431,-123.245543,
OR,4105,45.017284,-123.169399,
PA,4201,39.930932,-75.212394,
PA,4202,40.015462,-75.182928,
PA,4203,41.604579,-79.973676,
PA,4204,40.762001,-80.19641,
PA,4205,41.393364,-78.297753,
PA,4206,40.184724,-75.70356,
PA,4207,39.979412,-75.435416,
PA,4208,40.338345,-75.103627,
PA,4209,40.22288,-78.319682,
PA,4210,41.45725,-76.163799,
PA,4211,41.062446,-75.83939,
PA,4212,40.211658,-79.541383,
PA,4213,40.194224,-75.263652,
PA,4214,40.41638,-79.92895,
PA,4215,40.64744,-75.469281,
PA,4216,40.005635,-76.152149,
PA,4217,40.507502,-76.41423,
PA,4218,40.270953,-79.954984,
PA,4219,39.939358,-76.934963,
RI,4401,41.488192,-71.268037,
RI,4402,41.547698,-71.607914,
SC,4501,33.397846,-79.393094,
SC,4502,33.715493,-81.402781,
SC,4503,34.25069,-82.304015,
SC,4504,34.851033,-82.044642,
SC,4505,34.547616,-80.658274,
SC,4506,33.509029,-80.222285,
SD,4600,44.446796,-100.238176,
TN,4701,36.22786,-82.779682,
TN,4702,35.655907,-84.166181,
TN,4703,35.383393,-84.925824,
TN,4704,35.682006,-85.835174,
TN,4705,36.20673,-86.728914,
TN,4706,36.129341,-86.136284,
TN,4707,35.473015,-88.288098,
TN,4708,36.020483,-88.684852,
TN,4709,35.083031,-89.968436,
TX,4801,32.02381,-94.51969,
TX,4802,29.935241,-94.544334,
TX,4803,33.042581,-96.686046,
TX,4804,33.364215,-95.531684,
TX,4805,32.251606,-95.697533,
TX,4806,31.699152,-96.098575,
TX,4807,29.826435,-95.556564,
TX,4808,30.598808,-94.67283,
TX,4809,29.658505,-95.493065,
TX,4810,30.174661,-96.535801,
TX,4811,31.511706,-100.560258,
TX,4812,32.965975,-97.674481,
TX,4813,34.635132,-100.5065,
TX,4814,28.998255,-95.981366,
TX,4815,27.927915,-97.915046,
TX,4816,31.823809,-106.341125,
TX,4817,31.516,-96.91724,
TX,4818,29.936279,-95.473505,
TX,4819,33.341296,-101.243344,
TX,4820,29.445993,-98.569818,
TX,4821,29.974831,-98.91856,
TX,4822,29.484137,-95.483951,
TX,4823,30.299561,-102.583818,
TX,4824,32.833605,-97.005135,
TX,4825,29.74108,-97.236583,
TX,4826,33.274495,-97.118717,
TX,4827,26.995968,-97.568964,
TX,4828,27.989995,-98.879458,
TX,4829,29.784336,-95.207186,
TX,4830,32.677038,-96.757412,
TX,4831,31.280637,-97.595614,
TX,4832,32.860139,-96.854089,
UT,4901,40.94871,-112.726568,
UT,4902,38.582927,-110.9043,
UT,4903,39.132153,-112.548081,
VT,5000,44.060548,-72.673354,
VA,5101,37.874093,-76.895356,
VA,5102,37.408136,-75.886941,
VA,5103,37.272749,-76.968864,
VA,5104,36.975937,-77.324462,
VA,5105,37.186115,-78.850454,
VA,5106,38.066263,-79.317347,
VA,5107,38.133406,-77.92784,
VA,5108,38.855947,-77.21405,
VA,5109,36.983357,-81.350647,
VA,5110,39.030028,-77.901812,
VA,5111,38.7459,-77.368547,
WA,5301,47.76442,-122.471944,
WA,5302,48.410553,-121.885384,
WA,5303,46.359758,-122.628008,
WA,5304,46.905199,-120.178064,
WA,5305,47.736757,-118.343628,
WA,5306,47.650364,-123.674033,
WA,5307,47.538317,-122.380051,
WA,5308,47.222494,-121.849376,
WA,5309,47.132572,-122.512691,
WV,5401,39.381986,-80.268497,
WV,5402,38.833173,-80.294902,
WV,5403,37.959803,-81.160419,
WI,5501,42.700001,-88.378414,
WI,5502,43.063961,-89.347713,
WI,5503,43.970553,-90.98233,
WI,5504,43.048322,-87.956916,
WI,5505,43.215003,-88.24969,
WI,5506,43.848041,-88.738963,
WI,5507,45.588489,-90.846643,
WI,5508,45.190036,-88.563259,
WY,5600,42.991802,-107.541925,
PR,7298,18.217648,-66.410799,
CT,SS,41.419856,-73.277507,CT201212
IL,SS,41.895664,-87.753962,IL201210
RI,SS,41.867805,-71.41215,RI20127
NC,SS,35.879134,-79.068634,NC20125
AZ,SS,33.489991,-112.292702,AZ20125
FL,SS,30.310691,-81.621768,FL20123
OH,SS,41.591022,-81.200369,OH20122
TX,SS,29.657075,-95.367519,TX20113
CA,SS,38.734871,-120.777394,CA20112
NE,SS,41.204027,-96.146557,NE20111
KS,SS,39.031741,-95.746967,KS201010
CA,SS,36.684584,-121.600821,CA201010
TN,SS,36.529604,-82.38717,TN20108
WA,SS,47.187691,-122.450668,WA20102
AL,SS,34.740813,-86.742234,AL20102
CA,SS,33.77688,-118.140921,CA200910
SC,SS,33.779634,-78.970597,SC200910
MI,SS,43.013741,-84.160776,MI20099
IA,SS,42.572964,-92.778605,IA20096
IL,SS,38.564843,-90.164669,IL20091
NC,SS,35.673418,-79.809437,NC200812
CA,SS,36.209086,-121.134395,CA200812
UT,SS,37.050844,-113.567659,UT200811
CO,SS,40.387805,-105.102212,CO200811
FL,SS,26.139564,-80.175803,FL200811
CA,SS,33.974224,-118.190101,CA200811
MI,SS,42.439566,-83.237958,MI200810
TN,SS,36.040903,-83.92501,TN20088
WA,SS,47.31934,-122.353766,WA20088
CA,SS,36.742035,-119.75266,CA20084
CA,SS,34.164932,-119.181826,CA20082
CA,SS,37.60647,-122.027832,CA200712
NJ,SS,40.737041,-74.245121,NJ20078
WA,SS,47.239526,-122.495766,WA20071
NC,SS,35.033983,-77.333822,NC200612
GA,SS,33.75408,-84.336918,GA200611
CA,SS,37.72959,-122.180038,CA200611
TN,SS,36.088479,-83.925985,TN200610
PA,SS,39.960081,-76.084367,PA200610
WI,SS,43.479975,-90.190731,WI20069
CO,SS,39.420815,-105.532342,CO20069
VT,SS,44.512952,-73.055703,VT20068
OH,SS,41.081632,-80.65608,OH20068
TX,SS,30.188647,-97.743245,TX20068
FL,SS,27.980994,-82.438129,FL20067
IN,SS,41.609891,-87.262701,IN20066
CA,SS,33.997447,-118.443892,CA20066
FL,SS,25.973832,-80.23586,FL20065
CA,SS,33.765602,-117.913917,CA200512
TX,SS,29.433654,-98.524267,TX200511
TN,SS,36.35086,-84.147683,TN200511
CA,SS,36.777207,-119.774396,CA200510
FL,SS,,,FL20058
CA,SS,35.319172,-119.013138,CA20058
NJ,SS,40.709336,-74.220458,NJ20057
PA,SS,40.229734,-76.898456,PA20055
MN,SS,47.878598,-95.015034,MN20053
CA,SS,33.935621,-118.268256,CA20053
PA,SS,40.391026,-79.989534,PA20053
TN,SS,36.531354,-87.814551,TN20053
PA,SS,39.995206,-75.166702,PA20051
CA,SS,37.637897,-122.075584,CA200410
IL,SS,41.880047,-87.833462,IL20048
UT,SS,40.774234,-111.900736,UT20045
LA,SS,30.089229,-91.834343,LA20042
PA,SS,39.998397,-75.168331,PA20042
DC,SS,38.839389,-77.001766,DC20042
NV,SS,36.007819,-114.980142,NV20041
FL,SS,30.322751,-81.477394,FL200312
TX,SS,29.531653,-95.497938,TX200311
DC,SS,38.869805,-76.98266,DC200310
MN,SS,45.463912,-94.428589,MN20039
MS,SS,32.321404,-90.885437,MS20039
PA,SS,39.891452,-76.608344,PA20034
LA,SS,29.974226,-90.076491,LA20034
CA,SS,36.924354,-121.785871,CA20033
AL,1pw,30.757496,-87.981272,
AL,2pw,31.836308,-86.015215,
AL,3pw,32.98951,-85.724506,
AL,4pw,34.135282,-86.74913,
AL,5pw,34.736512,-86.891736,
AL,6pw,33.411535,-86.795993,
AL,7pw,33.143653,-87.187655,
AK,0pw,61.288254,-148.901939,
AZ,1pw,34.480656,-111.134452,
AZ,2pw,33.977904,-112.741167,
AZ,3pw,33.613125,-112.055335,
AZ,4pw,33.470103,-112.111262,
AZ,5pw,33.443059,-111.906797,
AZ,6pw,33.374939,-111.746251,
AZ,7pw,32.499867,-112.206395,
AZ,8pw,32.128395,-110.748387,
AR,1pw,35.572351,-91.073862,
AR,2pw,34.887789,-92.34528,
AR,3pw,35.88839,-93.972691,
AR,4pw,33.962927,-92.908592,
CA,1pw,39.234248,-122.841263,
CA,2pw,39.946314,-122.002042,
CA,3pw,38.555659,-121.249247,
CA,4pw,39.087053,-120.975158,
CA,5pw,38.552705,-121.438726,
CA,6pw,38.23278,-122.648848,
CA,7pw,38.062629,-122.150843,
CA,8pw,37.762878,-122.432015,
CA,9pw,37.793765,-122.209718,
CA,10pw,37.985915,-121.965629,
CA,11pw,37.826579,-121.522859,
CA,12pw,37.633821,-122.404991,
CA,13pw,37.6229,-122.072248,
CA,14pw,37.36786,-122.11351,
CA,15pw,37.304782,-121.913849,
CA,16pw,37.305601,-121.839151,
CA,17pw,36.737186,-121.715568,
CA,18pw,37.597297,-120.953127,
CA,19pw,37.250467,-120.270378,
CA,20pw,36.171553,-119.566192,
CA,21pw,36.461737,-119.404005,
CA,22pw,35.272659,-119.096457,
CA,23pw,34.576173,-119.829582,
CA,24pw,34.343079,-119.205143,
CA,25pw,34.685843,-118.055762,
CA,26pw,34.123948,-117.817799,
CA,27pw,34.222842,-118.485353,
CA,28pw,34.208452,-118.421951,
CA,29pw,34.140371,-118.179753,
CA,30pw,34.099335,-118.508969,
CA,31pw,34.073182,-118.258496,
CA,32pw,34.075345,-118.003724,
CA,33pw,34.037761,-118.33108,
CA,34pw,33.982612,-118.186569,
CA,35pw,33.941467,-118.318823,
CA,36pw,33.86643,-118.359029,
CA,37pw,33.837917,-118.204882,
CA,38pw,34.006045,-117.978638,
CA,39pw,33.914442,-118.120668,
CA,40pw,33.830124,-117.94168,
CA,41pw,34.16527,-117.011814,
CA,42pw,33.873918,-117.774675,
CA,43pw,34.091604,-117.441551,
CA,44pw,33.86608,-117.48453,
CA,45pw,33.761358,-116.665929,
CA,46pw,33.717221,-118.038609,
CA,47pw,33.776949,-117.912324,
CA,48pw,33.632834,-117.766883,
CA,49pw,33.386343,-117.241325,
CA,50pw,33.024872,-117.174939,
CA,51pw,32.690771,-116.712735,
CA,52pw,32.839617,-116.980439,
CA,53pw,32.74752,-117.146811,
CO,1pw,39.712874,-104.965309,
CO,2pw,39.899776,-105.264472,
CO,3pw,38.489258,-106.762051,
CO,4pw,40.241129,-104.616147,
CO,5pw,38.839558,-104.877029,
CO,6pw,39.567577,-104.937733,
CO,7pw,39.754422,-104.985758,
CT,1pw,41.750436,-72.72161,
CT,2pw,41.624084,-72.249729,
CT,3pw,41.344133,-72.938315,
CT,4pw,41.161966,-73.369267,
CT,5pw,41.593641,-73.088332,
DE,0pw,39.397164,-75.5625,
DC,98pw,38.910092,-77.014011,
FL,1pw,30.535205,-86.909271,
FL,2pw,30.356929,-84.685537,
FL,3pw,29.485371,-81.626653,
FL,4pw,30.310617,-81.859307,
FL,5pw,28.569393,-82.295196,
FL,6pw,29.652185,-82.102646,
FL,7pw,29.222992,-81.286992,
FL,8pw,28.623031,-81.496669,
FL,9pw,28.102085,-82.578213,
FL,10pw,27.868485,-82.734241,
FL,11pw,27.942387,-82.502392,
FL,12pw,27.966801,-81.95675,
FL,13pw,27.318942,-82.429252,
FL,14pw,26.482329,-81.857334,
FL,15pw,28.099643,-80.807778,
FL,16pw,27.13232,-80.792997,
FL,17pw,25.920944,-80.210528,
FL,18pw,25.628752,-80.369197,
FL,19pw,26.427931,-80.17191,
FL,20pw,26.063,-80.231306,
FL,21pw,25.825057,-80.329354,
FL,22pw,26.457729,-80.125779,
FL,23pw,26.444788,-80.209022,
FL,24pw,28.717324,-81.130878,
FL,25pw,25.742014,-80.557353,
GA,1pw,31.502678,-82.304932,
GA,2pw,31.521116,-84.180517,
GA,3pw,32.614998,-83.279419,
GA,4pw,33.800326,-84.244841,
GA,5pw,33.772933,-84.421621,
GA,6pw,34.016779,-84.449489,
GA,7pw,34.008975,-84.279457,
GA,8pw,33.293705,-84.513296,
GA,9pw,34.011371,-83.154655,
GA,10pw,34.522119,-84.50896,
GA,11pw,33.733343,-84.868414,
GA,12pw,32.874094,-81.925884,
GA,13pw,33.64648,-84.239358,
HI,1pw,21.345916,-157.892739,
HI,2pw,20.946995,-157.162401,
ID,1pw,45.267549,-116.584627,
ID,2pw,43.211951,-113.729263,
IL,1pw,41.724968,-87.671821,
IL,2pw,41.624961,-87.613734,
IL,3pw,41.774782,-87.768099,
IL,4pw,41.880139,-87.715072,
IL,5pw,41.949799,-87.745601,
IL,6pw,41.935896,-88.051928,
IL,7pw,41.876861,-87.72104,
IL,8pw,42.250134,-88.096935,
IL,9pw,42.012821,-87.739848,
IL,10pw,42.184942,-87.898918,
IL,11pw,41.269416,-88.346456,
IL,12pw,38.30558,-89.738937,
IL,13pw,41.714791,-88.054849,
IL,14pw,41.865768,-88.516398,
IL,15pw,40.000747,-88.228151,
IL,16pw,42.241151,-89.024056,
IL,17pw,40.529683,-90.228854,
IL,18pw,40.388168,-89.69116,
IL,19pw,38.755503,-89.206061,
IN,1pw,41.485569,-87.333711,
IN,2pw,41.442815,-86.340885,
IN,3pw,41.2855,-85.346648,
IN,4pw,39.863987,-86.536705,
IN,5pw,40.142744,-85.944311,
IN,6pw,40.010396,-85.356231,
IN,7pw,39.797585,-86.141055,
IN,8pw,38.764161,-87.349326,
IN,9pw,38.682639,-85.995836,
IA,1pw,42.199868,-91.267511,
IA,2pw,41.47669,-91.629326,
IA,3pw,41.625684,-93.292489,
IA,4pw,42.466676,-93.511422,
IA,5pw,42.033006,-95.559461,
KS,1pw,38.506057,-98.670581,
KS,2pw,38.714445,-95.477368,
KS,3pw,38.976862,-94.767438,
KS,4pw,37.619833,-97.203321,
KY,1pw,37.056339,-87.421186,
KY,2pw,37.611323,-86.057847,
KY,3pw,38.205712,-85.700912,
KY,4pw,38.740334,-84.252355,
KY,5pw,37.286075,-83.501485,
KY,6pw,37.948902,-84.491963,
LA,1pw,30.254785,-90.134736,
LA,2pw,29.954752,-90.069475,
LA,3pw,29.863558,-90.82787,
LA,4pw,32.146196,-93.524469,
LA,5pw,31.938444,-92.12816,
LA,6pw,30.48067,-91.069184,
LA,7pw,30.256156,-92.505913,
ME,1pw,43.771098,-70.201405,
ME,2pw,44.856111,-69.219993,
MD,1pw,39.022927,-76.06828,
MD,2pw,39.329631,-76.528999,
MD,3pw,39.231442,-76.657109,
MD,4pw,38.966599,-76.970878,
MD,5pw,38.738791,-76.785893,
MD,6pw,39.530447,-77.537258,
MD,7pw,39.289576,-76.719618,
MD,8pw,39.055812,-77.116971,
MA,1pw,42.422641,-72.50614,
MA,2pw,42.137917,-72.239064,
MA,3pw,42.134741,-71.551525,
MA,4pw,41.952967,-71.075845,
MA,5pw,42.614341,-71.306715,
MA,6pw,42.573515,-70.962074,
MA,7pw,42.399949,-71.171514,
MA,8pw,42.34847,-71.091921,
MA,9pw,42.184218,-71.087303,
MA,10pw,41.948857,-70.651601,
MI,1pw,45.480784,-85.734841,
MI,2pw,43.283989,-86.048172,
MI,3pw,42.925586,-85.551685,
MI,4pw,43.763531,-84.773416,
MI,5pw,43.172856,-83.724471,
MI,6pw,42.16021,-85.883677,
MI,7pw,42.228968,-84.540101,
MI,8pw,42.708178,-84.113214,
MI,9pw,42.587028,-83.260718,
MI,10pw,42.88402,-82.89134,
MI,11pw,42.408373,-83.435008,
MI,12pw,42.507098,-83.030987,
MI,13pw,42.36425,-83.042838,
MI,14pw,42.356916,-83.182201,
MI,15pw,42.164401,-83.480507,
MN,1pw,43.955433,-93.354927,
MN,2pw,44.687844,-93.252043,
MN,3pw,44.997374,-93.411428,
MN,4pw,44.981813,-93.092951,
MN,5pw,44.97374,-93.28942,
MN,6pw,45.286664,-93.575415,
MN,7pw,46.131662,-95.560554,
MN,8pw,46.671727,-93.167756,
MS,1pw,34.340722,-89.131572,
MS,2pw,32.900543,-90.410586,
MS,3pw,32.174196,-89.758662,
MS,4pw,30.850337,-89.072972,
MO,1pw,38.722149,-90.305248,
MO,2pw,38.689431,-90.570593,
MO,3pw,38.479963,-90.350859,
MO,4pw,38.343703,-93.28907,
MO,5pw,38.997819,-94.486164,
MO,6pw,39.512529,-94.321822,
MO,7pw,37.056201,-93.686639,
MO,8pw,37.154912,-90.650116,
MO,9pw,38.982728,-91.757289,
MT,0pw,46.813302,-111.223722,
NE,1pw,41.119037,-96.634365,
NE,2pw,41.239586,-96.03596,
NE,3pw,41.192625,-99.548778,
NV,1pw,36.182169,-115.178595,
NV,2pw,39.218629,-118.732966,
NV,3pw,36.097092,-115.112134,
NH,1pw,43.122245,-71.206787,
NH,2pw,43.183816,-71.720062,
NJ,1pw,39.839945,-75.060674,
NJ,2pw,39.429548,-74.868423,
NJ,3pw,39.919668,-74.60167,
NJ,4pw,40.140866,-74.3846,
NJ,5pw,40.98823,-74.328734,
NJ,6pw,40.43368,-74.263375,
NJ,7pw,40.608735,-74.489116,
NJ,8pw,40.867988,-74.187372,
NJ,9pw,40.847833,-74.058178,
NJ,10pw,40.714086,-74.214175,
NJ,11pw,40.839944,-74.500122,
NJ,12pw,40.356587,-74.478358,
NJ,13pw,40.712842,-74.110815,
NM,1pw,35.089385,-106.583037,
NM,2pw,33.012429,-106.075345,
NM,3pw,35.767541,-106.385402,
NY,1pw,40.874118,-72.918099,
NY,2pw,40.793362,-73.29587,
NY,3pw,40.715006,-73.482626,
NY,4pw,40.690285,-73.643909,
NY,5pw,40.762837,-73.788166,
NY,6pw,40.680438,-73.779581,
NY,7pw,40.803436,-73.86474,
NY,8pw,40.68243,-73.989904,
NY,9pw,40.673004,-73.874768,
NY,10pw,40.666669,-73.924116,
NY,11pw,40.655869,-73.953077,
NY,12pw,40.696069,-73.952274,
NY,13pw,40.596493,-74.095105,
NY,14pw,40.759897,-73.952322,
NY,15pw,40.821368,-73.944038,
NY,16pw,40.840023,-73.904343,
NY,17pw,40.96016,-73.918172,
NY,18pw,41.020111,-73.812292,
NY,19pw,41.398466,-73.953588,
NY,20pw,42.719123,-73.830847,
NY,21pw,42.744661,-73.92001,
NY,22pw,41.875777,-74.924508,
NY,23pw,43.97242,-75.230371,
NY,24pw,42.803553,-75.759241,
NY,25pw,43.099424,-76.498023,
NY,26pw,43.030881,-78.306307,
NY,27pw,42.701496,-78.90922,
NY,28pw,43.088535,-78.297283,
NY,29pw,42.592973,-77.529657,
NC,1pw,35.869384,-77.443588,
NC,2pw,35.525272,-78.658064,
NC,3pw,35.258214,-77.249481,
NC,4pw,35.890666,-78.884131,
NC,5pw,36.151633,-80.71425,
NC,6pw,35.820803,-79.846432,
NC,7pw,34.499831,-78.421813,
NC,8pw,35.151756,-80.004499,
NC,9pw,35.184711,-80.874459,
NC,10pw,35.612391,-81.422301,
NC,11pw,35.46385,-82.688959,
NC,12pw,35.714018,-80.410776,
NC,13pw,36.050811,-79.070791,
ND,0pw,47.375168,-99.340448,
OH,1pw,39.188989,-84.560946,
OH,2pw,39.112243,-84.088336,
OH,3pw,39.650068,-84.159147,
OH,4pw,40.643973,-83.505021,
OH,5pw,41.241954,-83.631384,
OH,6pw,39.923576,-81.352833,
OH,7pw,39.790687,-83.320148,
OH,8pw,39.70785,-84.423298,
OH,9pw,41.579741,-83.286527,
OH,10pw,41.427666,-81.77979,
OH,11pw,41.499946,-81.569002,
OH,12pw,40.068141,-82.900057,
OH,13pw,41.235552,-81.786468,
OH,14pw,41.549684,-81.24097,
OH,15pw,40.004571,-83.099883,
OH,16pw,40.875328,-81.602139,
OH,17pw,41.139479,-80.991672,
OH,18pw,40.015914,-82.020704,
OK,1pw,36.146167,-95.891607,
OK,2pw,35.485203,-95.357019,
OK,3pw,35.961901,-97.854459,
OK,4pw,34.90952,-97.620558,
OK,5pw,35.486908,-97.438395,
OR,1pw,45.514112,-122.940242,
OR,2pw,43.710835,-121.113348,
OR,3pw,45.502349,-122.549985,
OR,4pw,43.853944,-123.297118,
OR,5pw,45.080127,-122.98448,
PA,1pw,39.972188,-75.175292,
PA,2pw,39.998731,-75.181137,
PA,3pw,41.60792,-80.027,
PA,4pw,40.680846,-80.112122,
PA,5pw,41.223354,-78.290666,
PA,6pw,40.16699,-75.643801,
PA,7pw,39.964999,-75.378307,
PA,8pw,40.226905,-75.01925,
PA,9pw,40.244881,-78.260894,
PA,10pw,41.316447,-76.197655,
PA,11pw,41.151702,-75.767233,
PA,12pw,40.256185,-79.527026,
PA,13pw,40.122252,-75.141553,
PA,14pw,40.429496,-79.939905,
PA,15pw,40.613274,-75.428821,
PA,16pw,40.059794,-76.167168,
PA,17pw,40.433797,-76.472122,
PA,18pw,40.337267,-79.922484,
PA,19pw,40.000231,-76.888243,
RI,1pw,41.816222,-71.394158,
RI,2pw,41.690414,-71.503586,
SC,1pw,33.195005,-79.661013,
SC,2pw,33.543983,-81.063111,
SC,3pw,34.323572,-82.361551,
SC,4pw,34.88595,-82.177725,
SC,5pw,34.606877,-80.686053,
SC,6pw,33.651919,-80.276615,
SD,0pw,44.047502,-99.049594,
TN,1pw,36.295885,-82.70149,
TN,2pw,35.852233,-84.05949,
TN,3pw,35.44053,-84.741092,
TN,4pw,35.664154,-85.876608,
TN,5pw,36.16369,-86.730535,
TN,6pw,36.111012,-86.294635,
TN,7pw,35.640665,-88.325332,
TN,8pw,35.893683,-88.840763,
TN,9pw,35.100908,-89.94521,
TX,1pw,32.15579,-94.801116,
TX,2pw,29.999952,-94.771897,
TX,3pw,33.007074,-96.703671,
TX,4pw,33.309538,-95.747726,
TX,5pw,32.559814,-96.203724,
TX,6pw,32.456875,-96.903267,
TX,7pw,29.79801,-95.538756,
TX,8pw,30.380997,-94.952366,
TX,9pw,29.674646,-95.516581,
TX,10pw,30.164679,-96.719468,
TX,11pw,31.660555,-100.821731,
TX,12pw,32.799812,-97.442092,
TX,13pw,34.591003,-100.361754,
TX,14pw,29.177508,-95.677358,
TX,15pw,27.201883,-97.799717,
TX,16pw,31.785505,-106.39645,
TX,17pw,31.53131,-96.967356,
TX,18pw,29.839964,-95.409284,
TX,19pw,33.260425,-101.224312,
TX,20pw,29.457508,-98.554567,
TX,21pw,29.922194,-98.120361,
TX,22pw,29.575456,-95.347818,
TX,23pw,29.396189,-99.98261,
TX,24pw,32.858413,-96.997612,
TX,25pw,28.213479,-98.052108,
TX,26pw,32.990511,-97.147047,
TX,27pw,27.031721,-97.480899,
TX,28pw,29.064016,-98.542266,
TX,29pw,29.772376,-95.257506,
TX,30pw,32.73166,-96.775544,
TX,31pw,30.955823,-97.648159,
TX,32pw,32.856094,-96.839572,
UT,1pw,41.125408,-111.952459,
UT,2pw,39.858248,-111.878743,
UT,3pw,40.333307,-111.861373,
VT,0pw,44.081127,-72.814248,
VA,1pw,37.80126,-76.961984,
VA,2pw,36.929949,-76.114313,
VA,3pw,37.161771,-76.75831,
VA,4pw,37.015979,-76.987256,
VA,5pw,37.23934,-78.986714,
VA,6pw,37.781728,-79.361511,
VA,7pw,37.766772,-77.661238,
VA,8pw,38.846292,-77.140202,
VA,9pw,36.97602,-81.310954,
VA,10pw,38.965137,-77.593745,
VA,11pw,38.76948,-77.289551,
WA,1pw,47.772892,-122.298867,
WA,2pw,48.325451,-122.321121,
WA,3pw,46.10457,-122.743109,
WA,4pw,46.673202,-119.957647,
WA,5pw,47.537106,-117.640714,
WA,6pw,47.386849,-122.808506,
WA,7pw,47.613634,-122.33091,
WA,8pw,47.419395,-122.126186,
WA,9pw,47.242439,-122.400463,
WV,1pw,39.575073,-80.431684,
WV,2pw,38.797636,-80.46856,
WV,3pw,37.930294,-81.539037,
WI,1pw,42.728615,-88.155493,
WI,2pw,43.037807,-89.335563,
WI,3pw,44.092849,-91.212127,
WI,4pw,43.045446,-87.951639,
WI,5pw,43.144733,-88.144284,
WI,6pw,43.863919,-88.410144,
WI,7pw,45.24929,-90.595959,
WI,8pw,44.665653,-88.290575,
WY,0pw,42.675762,-107.016578,
